document_id,clean_text,sentiment
1,read buying savage x fenty,negative
2,please tell mom happy bday navy hope great day,positive
3,check rihanna stunning bikini collection bold print sleek design always know rock swimsuit,positive
4,british vogue rihanna best red carpet look award season,positive
5,nail ainspired bralette love work clothes fenty beauty foundation clothes rocking nail salon glossy v matte cute press set min love came,positive
6,beau ap rocky pick los angeles studio flashy yellow suv,neutral
7,lift black panther wakanda forever via lord keep strength arm keep safe sound need light need love christian faith,positive
8,pregnant picked ap rocky recording studio amid rumor new music,neutral
9,pregnant pregnant rihanna picked ap rocky recording studio amid rumor new music,neutral
10,pregnant pregnant rihanna picked ap rocky recording studio amid rumor new music,neutral
11,pregnant pregnant rihanna picked ap rocky recording studio amid rumor new music,neutral
12,reuters noted report new cut total output reduction amount opec come million barrel daily global oil demand,negative
13,pregnant rihanna picked ap rocky recording studio amid rumor new music aprocky,neutral
14,reminder woman stood hater man cleared name false accusation queen hero,positive
15,top financial fitness lesson past dictate future let circumstance stand way becoming billionaire learn ep,positive
16,rebel black ring carat pear shaped diamond botswana amp set black ceramic gold thelma west wore part crown couture exhibition opening april th kensington palace,positive
17,f past dictate future listen ep hear financial fitness lesson rihanna amp jay z find,positive
18,time rock roll gal v seven year ago rihanna prank jimmy kimmel,neutral
19,hollywood billionaire club,neutral
20,hide paparazzo behind tinted window,negative
21,peaceful name always associated anti national activity ahmedabad at arrested sister busted illegal telephone exchange house,negative
22,ahmedabad at arrested sister busted illegal telephone exchange house,negative
23,incident amp got blackballed lost major deal beating girlfriend riri vocally sang nut like would never able graffiti since heard sing like,negative
24,dyk responsible financial future manage support guidance one alone hear lesson learned rihanna jay z,positive
25,rihanna best maternity outfit see pregnant superstar style baby bump layering thick coat striking color drew attention away growing belly,positive
26,r amp b night monday friday pm pm est non stop r amp b today early listen live via app link bio apple music search flow,negative
27,year ago today released needed one two second single anti album single released alongside kiss better march,positive
28,year ago today released kiss better one two second single anti album single released alongside needed march,positive
29,sorry name infamous iconic industry impacting song st umbrella literally every age year old know ella ella ay mean like,positive
30,notice since got pregos heard beat baby dad someone speak mob,neutral
31,rihanna released umbrella day debut single third studio album song feature jay z one successful song year,positive
32,year ago today released umbrella featuring lead single good girl gone bad album march,negative
33,share adorable picture baby bump drive see adorable post,positive
34,year umbrella rihanna used old photo repair tool al replace filter f j airbrush app,neutral
35,need leave l driver car reportedly stolen outside home aiko car stolen valet restaurant,negative
36,said inspiration came music parent used listen younger,positive
37,driver car stolen right outside home,negative
38,said inspiration came music parent used listen younger,positive
39,said inspiration came music parent used listen younger,positive
40,exclusive dj khaled reveals dream musical collab lineup bob marley,positive
41,nan,neutral
42,rock pair emerald diamond earring verdura stardust collection post performance,positive
43,day hit rude boy album rated r,negative
44,lift black panther wakanda forever via,neutral
45,driver car stolen outside la home,negative
46,influenced rihanna pregnant photo eating mango beach ordered mango fruit supermarket,neutral
47,support others denise woodard founded partake food natural food co inspired daughter food allergy st black woman raise publicly consumer packaged good food start,positive
48,man travel south carolina confess love house rolling,positive
49,exclusive dj khaled reveals dream musical collab lineup bob marley,positive
50,oscar see best look red carpet,positive
51,rihanna lift live oscar,neutral
52,got surprise proposal unwelcome visitor,negative
53,surely bc know stole money errbody going dont givea damnif family play bitch better,positive
54,end like always referred chick interview stage like god could use derogatory term describe woman grimmie really taken common sense lesson clearly needed,positive
55,omg cop swarm rihanna house man show wanting propose shared local news,positive
56,security team diamond singer rihanna apprehended man arrived house south carolina ask hand marriage visit link read,positive
57,man arrested trying steal ap rocky,negative
58,police called rihanna house man show propose yet identified man travelled los angeles south carolina showed rihanna beverly hill home propose singer detained los angeles police thursday,negative
59,law enforcement source said year old man traveled south carolina ask hand marriage almost immediately greeted security arrived singer beverly hill residence,positive
60,recently rihanna call police house due man breaking think let u know contact rsquare benefit bazooka forcefield amp halo schedule discovery call learn,positive
61,police take action house man south carolina arrived thursday hoping propose marriage,positive
62,cop swarm rihanna house man show propose happening march rd security official told tmz man traveled south carolina walked rihanna home thursday faced security police released,positive
63,year old man traveled south carolina ask hand marriage almost immediately greeted security arrived singer beverly hill residence read,positive
64,police called rihanna house man travelled south carolina propose tmz,neutral
65,cop called house man show propose perpetrator traveled south carolina walked rihanna home immediately greeted security later determined broken law though asked leave told return,negative
66,hi released mixset song year artist like amp hopeulikethismin mixset,positive
67,rihanna performed lift black panther wakanda forever also best original song dedicated award chadwick boseman said inspired better artist,positive
68,khalistanis always remember picture last came india afghanistan canada uk australia u tweeted single word support people,positive
69,phuck yo need picture oscar superbowl,neutral
70,rihanna lift black panther wakanda forever music inspired climbed place th place rd,positive
71,rihanna lift black panther wakanda forever music inspired gone place th place th,positive
72,wonder propose breakaway amp india may b must explain b civil war like one get support entire community speak,positive
73,gang grandma upset tell tv,negative
74,dj supasmash vault searching feat,neutral
75,post clip grandma saying tell apart confirmation,neutral
76,best song album opinion pon replay so disturbia te amo man found love diamond love brain,positive
77,rihanna lift black panther wakanda forever music inspired climbed place nd place st,positive
78,producer explains harder joke smith slap saga cut ceremony please follow show support,positive
79,ever since first performance superbowl year enough watching great performance past year,positive
80,rihanna performance oscar second performance came back stage performance made everyone feel emotional kind feel,positive
81,tbh higher rihanna longer,neutral
82,official pti source plz tweet imran khan reached judicial complex police stopping attend court hearing using shell car tag international medium outlet,positive
83,earlier month rebelle fragrance mist yes forgot much love yes yummy dry second time pairing mist together good rich amp warm,positive
84,streaming song unapologetic album diamond,positive
85,bro law like talented really want buy piece entire series gorge,positive
86,popular music u degenerated remarkable extent anything remotely progressive come artist jay z rihanna embraced capitalism arm,positive
87,rihanna spotted wearing annoushka charm bracelet ap rocky tap read,positive
88,march girl soooooooo well guest may go album,positive
89,ahead season check favorite release date many,positive
90,guarda rihanna unapologetic cd italy su,neutral
91,today pour luscious french roast code ft first whole bean ground order,neutral
92,mar rebelle midnight amber glow rebelle fav perfume underrated love coffee amp cacao note ginger add touch spice amber add warmth musk smooth making sexy fragrance,positive
93,rihanna lift black panther wakanda forever via love song,positive
94,song hit telugu language film made history becoming first indian film song win track best original song th academy beating heavyweight like,positive
95,song week consistency diamond rihanna super bowl performance another reminder great discography listen,positive
96,got paid super bowl artist make money exposure get live watching million audience rihanna got increase stream made profit increase brand reputation fenti beauty,positive
97,one standout moment oscar award dazzling pregnant rihanna stage performed oscar nominated song lift black panther wakada forever los angeles california,positive
98,rihanna lift live oscar via,neutral
99,propaganda people fake idol,negative
100,quick amp easy skin bleaching transformation black woman looking far light skin amp mixed race appearance using professional skin bleaching lotion,positive
101,performed lift black panther wakanda forever ceremony kevin winter via afp check biggest moment,neutral
102,wall street journal super bare style favored star continued dominance sunday academy,positive
103,inspired music rihanna lift live oscar via,positive
104,rihanna glowing red carpet stage sings hit single lift black panther wakanda forever box office smash,neutral
105,rrr song singer share celebratory photo pose barbadian pop queen,positive
106,rihanna performing lift live th oscar,neutral
107,naatu naatu trio kaala bhairava rahul sipligunj prem rakshith bumped queen rihanna academy award hold back sharing joy meeting tbh fangirling,positive
108,nominated best original song category single,positive
109,nominated best original song category single,positive
110,best beauty look,positive
111,que hermoso e este tema rihanna lift live oscar,neutral
112,watch perform lift black panther wakanda forever nominated best original song th academy award,positive
113,black woman looking mixed race amp light skin using strong professional strength bleaching lotion,positive
114,black panther wakanda forever via,neutral
115,rihanna lift live oscar via vues mar rihanna performing lift live th oscar stream download lift,neutral
116,unmissable moment get,neutral
117,performance,neutral
118,hello everyone posted m youtube channel rihanna lift live oscar,neutral
119,oscar performance via,neutral
120,mood walk away drama started jet vanity fair joe goldberg,positive
121,love proudly cheering thrilled audience performance nominated track soundtrack fashionista power couple,positive
122,performance plus set,neutral
123,stunning look red carpet,positive
124,love performance gorgeous moment live oscar via,positive
125,viral dance song make history first song film win best original song beat heavyweight snag prize news,positive
126,performance,neutral
127,winner th academy award main film night everything everywhere click link info,positive
128,mesh outfit risqu black outfit favourite look sported female star,neutral
129,rihanna daniel hottest look oscar champagne carpet,positive
130,delivering uplifting performance oscar nominated song soared first performance amp shut house held,neutral
131,cate blanchett check best look red carpet,positive
132,rihanna asap rocky babyyy used makeup tinsel quartz filter airbrush app,neutral
133,music motherhood rihanna red carpet reign continues pregnant star set fashion bar high oscar,neutral
134,solo necesitamos tu amor rihanna lift live oscar v,positive
135,took stage sing oscar nominated song black panther wakanda forever also opted sparkling ensemble custom made famous,positive
136,attempt find rare success potentially acquired uplifted big player like w many celebrity brand shifting makeup skincare,positive
137,guarda unapologetic cd italy su,neutral
138,see best dressed last night,positive
139,joked gave incredible performance big highlight th,positive
140,best beauty look,positive
141,see best dressed last night,positive
142,rihanna lift black panther wakanda forever min sec rihanna oct directed autumn durald arkapaw edited andrew hegele,neutral
143,celebrate international woman month kandy celebrate month two hip hop queen amp hip hop beat drink ticket booking fee miss,positive
144,music star robyn fenty aka rihanna showed baby bump oscar red carpet song lift black panther wakanda forever nominated best original song,positive
145,trending lady stabbed time boyfriend dumping man say sponsored lady education let another man take away,negative
146,beating amp great achievement achieved filmmaker amp artist around world wanted get got trophy award also lot love amp blessing audience world congo,positive
147,queen arrived rihanna take stage oscar electrifying performance lift black panther wakanda forever,neutral
148,congratulation oscar best dressed celebrity oscar red carpet,positive
149,obi datti pcc said sunday back planned nationwide protest unless independent national electoral commission grant lp lawyer access material february presidential election,positive
150,apart performed really surprise u stunning performance hint performance waiting,positive
151,viral dance song naatunaatu made oscar history sunday first song indian film win academy award best original song besting heavyweight snag prize,positive
152,oscar best dressed celebrity oscar red carpet read,positive
153,rihanna ft tems lift black panther wakanda forever loses oscar award best original song naatu naatu rrr tems ebuka,positive
154,viral dance song naatu naatu made oscar history sunday first song indian film win academy award best original song besting heavyweight lady gaga rihanna snag prize,positive
155,famous red carpet may changed champagne star brought glamour style hollywood biggest night,positive
156,oscar go naked dress revealing hit red carpet style super bare style favored star lady gaga rihanna ashley graham continued dominance sunday academy award anything go party,positive
157,song bb telugu language film made history becoming first indian film song win blockbuster track best original song th academy award beating heavyweight like,positive
158,rihanna also sang ceremony performing lift black panther wakanda forever alaia outfit leather strap train sheer mesh showing baby bump,neutral
159,something riri bottega history book,neutral
160,proudly cheer enchants audience moving oscar performance nominated track soundtrack,positive
161,news said remaining asset billion industry recovery fund converted native cryptocurrencies,positive
162,see red carpet look th academy award click,positive
163,despite low rating oscar ceremony back new crisis team several blockbuster nominated performance oscar nominated song black panther wakanda forever bring viewer,positive
164,make history win receive competing becomes first ever song win prestigious honour,positive
165,oscar rihanna ram charan best red carpet look award,positive
166,oscar champagne carpet sparkling hollywood glamour star made show stopping appearance stunning ala piece sheer black dress fresh versace runway,positive
167,performed lift black panther wakanda forever ceremony kevin winter via afp check biggest moment,neutral
168,take stage perform lift black panther wakanda forever,neutral
169,tribute chadwick boseman rihanna performed lift black panther wakanda forever soundtrack,neutral
170,rihanna lift black panther wakanda forever music inspired moved place th place th,positive
171,created history became first song indian production win song left behind music sensation competed song like applause hold hand lift life,positive
172,field full heavy hitter amp rrr see video song best original song becoming st ever song indian film win prize see list winner,positive
173,made history becoming first indian film song win oscar blockbuster track best original song th academy award beating heavyweight like,positive
174,month work dance step day dancer crew member later get naatu fied beating category,negative
175,oscar great gorgeous sang thang happy night truly also little kid oscar,positive
176,delivered superb performance lift black panther wakanda forever rihanna interpr te lift du film black panther wakanda forever lors de la e c r monie de oscar,positive
177,rihanna gave stunning performance lift black panther wakanda forever,positive
178,month work dance step day dancer crew member later get naatu fied beating category,negative
179,ap rocky cheer performs black panther wakanda forever view pic,positive
180,win best song oscar song original song telugu movie india original song remake rip original rock,positive
181,barbadian singer songwriter actress rihanna performs lift black panther wakanda forever onstage th annual academy award dolby theatre hollywood california march,positive
182,queen rihanna glowing beauty pregnant great talent excellence performance well done queen riri,positive
183,star attending oscar disappoint sheer baby bump moment pda husband could get enough antic see iconic look,negative
184,champagne carpet sparkled hollywood glamour bump baring alaia column dress armani prive sheer black dress versace see best dressed star,positive
185,thing needed see tonight,neutral
186,rihanna performance lift black panther wakanda forever th oscar received standing ovation,neutral
187,obsessed really made ala dress look effortlessly sexy make mistake much effort countless people make happen,positive
188,bit upset naatu naatu banger win oscar best original song entry,positive
189,ever stop talking gorgeousness probably went custom ala custom maison margiela designed john galliano whew,positive
190,performs lift film black panther wakanda forever presented,neutral
191,got first best song oscar nomination lift black panther,positive
192,performed song lift black panther wakanda forever sunday night showed baby bump performance well,positive
193,rihanna performs lift black panther wakanda forever tribute late actor chadwick boseman,neutral
194,go big go home belt best song nominee lift black panther wakanda forever w help orchestra backup singer another memorable performance,positive
195,giving u voice face look year performing song lift film,positive
196,epic performance,neutral
197,propaganda people fake idol,negative
198,super bowl stay working,positive
199,goddess vibe performs lift,neutral
200,propaganda people fake idol,negative
201,black excellence throughout performance background singer black orchestra love,positive
202,performs mellow performance compared,neutral
203,heartbreaking performance,negative
204,wow amazing performance lift rihanna,positive
205,great performance,positive
206,performs lift live update,neutral
207,look amazing outfit sound even better beautiful memoriam chadwick boseman personal place may say fuck cancer,positive
208,memory chadwick boseman heartfelt rendition lift rihanna,positive
209,goddess another planet ya lo dicho,neutral
210,danai gurira pay tribute late chadwick boseman introduces best original song nominee lift black panther wakanda forever performed,positive
211,powerful performance lift nominated best song,positive
212,ooo love song didnt realize movie,positive
213,performance one night thought saving money car payment month way feel good,positive
214,welllll saw old friend red carpet break hiatus music,positive
215,oh coming next perform let check spicy chicken sandwich oven chomp grub taking break cooking tonight cause,neutral
216,nile river egypt retired music,neutral
217,rihanna singer mother perfect woman used hair bang blunt leaf filter airbrush app,positive
218,addition white always lot black dress carpet one mama truly stood apart carpet crowd talking course,positive
219,oscar photo rihanna red carpet,neutral
220,little profile action stunning icon,positive
221,baby performing song,neutral
222,rihanna lift black panther wakanda forever music inspired moved place th place th,positive
223,quote,neutral
224,pop music taking maroon rihanna dua lipa justin bieber ed sheeran ava max ariana grande something everyone let dance sing along biggest hit year takeover uk,neutral
225,ahead performance nidhi gupta look evolution pop culture viewed celebrity maternity shocking cover rihanna performance reveal read,negative
226,expect awaited th academy award,positive
227,oscar performance rihanna eagerly awaited fan,positive
228,host presenting performance th,neutral
229,rihanna multi incone sector money music,neutral
230,nominated lift discus history song sings sequel lift quick success,positive
231,full super bowl halftime show inside stadium,positive
232,get ready experience ultimate takeover hit song fashion youtube video discover rihanna unstoppable force music industry miss,positive
233,bracket challenge contains gem watch see pick best original song,positive
234,rihanna walmart,neutral
235,rank album favorite one like least year old loved work talent sharing love loud anti gggb talk talk rather r unapologetic girl like music sun,positive
236,need removed extremely toxic ignorant meme,negative
237,rihanna guitarist band extreme,neutral
238,somebody said saw post song nowhere made think always say nowhere go christopher robyn yup nowhere christopher robyn go god best,positive
239,heard rihanna gave chris brown herpes got herpes jay z mean queen bey whatever call herpes,neutral
240,celebrate international woman day created picturebook artist find inspirational created item stock must add,positive
241,swaying side side minimal effort icon like make become viral dance trend,positive
242,rihanna lift black panther wakanda forever music inspired moved place th place th,positive
243,march th th academy award world star compete best movie song lady gaga hold hand top gun maverick amp lift black panther wakanda forever superstar w lot common also difference,positive
244,think new wax figure,neutral
245,black woman came black woman gonna give birth black woman rihanna,neutral
246,amp still friend revisited pop star bffs friendship rihanna super bowl shoutout katy,positive
247,dora martin sue evans opening access hollywood flower received,neutral
248,get one week nail,neutral
249,rihanna lift black panther wakanda forever music inspired climbed place rd place nd,positive
250,universe filter art fan edits made would share guy,positive
251,year ago today released birthday cake remix featuring th single talk talk album released single australia europe march,neutral
252,year old hitmaker spending quality time child ap rocky photograph post later showed music video song raise,neutral
253,see get prime minister mia mottley cooking tried hit angry black woman lable none,negative
254,rihanna lift black panther wakanda forever music inspired climbed place th place th,positive
255,rihanna monthly listener surpassing rihanna fucking icon album release since still everyone ear next time call someone music industry look see rihanna status,neutral
256,rihanna lift black panther wakanda forever music inspired gone place th place th,positive
257,earlier week reb l fleur prismatic star used see lot fragrance combo w reb l fleur amp tried lot one favorite pairing w reb l fleur love good plum amp berry note,positive
258,spotify dominated woman,neutral
259,thing fight alot important shxt brothas platform need concentrating community aside wtf gotdamn mag cover,negative
260,dress possibly compared u kidding dress make bella beauty amp beast cry mercy beyonce keep eating jello,positive
261,putting together similar outfit faux leather legging amp coat vintage biggest style inspiration amp,positive
262,besides showing dance move rihanna also showed u marketing strategy year super bowl three thing every company take away superstar business woman,positive
263,yay whole music video thought girl floating,positive
264,motivation confidence come celebrating get win,positive
265,rihanna lift black panther wakanda forever music inspired moved place th place th,positive
266,rihanna lift black panther wakanda forever music inspired moved place th place th,positive
267,rihanna super bowl show help steal momentum rrr oscar best song race via,positive
268,love art collectible also excited adoption space recently released nfts w royalty right incl copyright amp streaming right master recording,positive
269,rihanna lift black panther wakanda forever music inspired fallen place th place th,positive
270,rihanna lift black panther wakanda forever music inspired moved place th place th,positive
271,rihanna lift black panther wakanda forever via black panther wakanda forever,neutral
272,rihanna wore diamond earring ear cuff messika jewelry performance,positive
273,repost rihanna announces return fenty x puma,neutral
274,baby far beautiful,positive
275,get ufffffff,neutral
276,rude peach,negative
277,nominated song trending throughout day live performance announcement broke internet amp quadrupled number view similar announcement lift hour,negative
278,rihanna lift black panther wakanda forever love song,positive
279,big game year might passed still lot learn half time performer rihanna check three thing take away marketing strategy,neutral
280,music superstar rihanna perform oscar nominated song lift black panther wakanda forever th oscar executive producer showrunners glenn wei ricky kirshner announced thursday,neutral
281,perform song lift soundtrack black panther wakanda forever tap link bio visit,neutral
282,currently influence singer instagram blackpink,neutral
283,rihanna sledgehammer motion picture star trek beyond via sledgehammer motion picture star trek beyond,neutral
284,obvs always worth listen want sentence want today new deal really well explained politics rep,positive
285,recognition sharing quote prominent figure black history like singer businesswoman fashion designer billionaire founder fashion house fenty amp first black woman head luxury brand lvmh,positive
286,cut casual figure ap rocky jet home milan fw son baba btc x eth x bnb x aapl tsla spy djia qqq goog meta amzn nflx,negative
287,motion picture art science academy announced thursday rihanna would perform lift marvel black panther wakanda forever oscar presentation march,positive
288,inspiring single black panther soundtrack one many performance move audience,positive
289,feb coll concert music compilation rihanna song video,neutral
290,styled wear piece s unboxing collection march issue photography inez amp vindooh,neutral
291,asked stop wearing fur letter please spare daily mail online listen rihanna supporting fur industry,positive
292,interest reading divorcing dis racist underpinnings,negative
293,epic performance major controversy ranked every ever take look land,neutral
294,path becoming collection etsy shop spiral notebook ruled line page mouse pad coffee mug tote bag,neutral
295,halftime show drew hundred complaint pretty sure white christian conservative one complainant say outrage super bowl supposed family show love football,positive
296,dance changed dance learned new dance studio also maybe trend,neutral
297,producer telecast said thursday music superstar sing lift black panther wakanda forever,neutral
298,rihanna lift black panther wakanda forever music inspired moved place st place st,positive
299,icymi perform oscar nominated song lift black panther wakanda forever th oscar sunday march th exec producer showrunners glenn wei ricky kirshner announced friday,neutral
300,time so hit spot billboard hot rihanna showed label one hit wonder budget label deal samsung queen,neutral
301,rihanna handling live say lack vocal pfff anyways rihanna queen,negative
302,nobody tell voice cuz fuck yeah amp know,negative
303,rihanna gifted faux fur coat peta appearing wear real fur coat,neutral
304,bgalririh fan dont presume anything gal still deliver new music preggo new stuff around corner,positive
305,lesson super bowl halftime show,positive
306,rihanna mv dancing ditto new jean,neutral
307,rihanna perform lift black panther wakanda forever oscar full press release,neutral
308,rihanna pon de replay ross friend edit,positive
309,hit stage performance song lift black panther wakanda forever soundtrack,neutral
310,spur weirdly specific fcc indecency complaint billboard complaint care people turn tv remove kid room like came unexpectedly,positive
311,week removed super bowl performance ready hit stage time march perform somber lift marvel forever,positive
312,year ago today released towards sun theme song home motion picture soundtrack february,neutral
313,hollywood critic association award take place today beverly hill sag award take place sunday feb oscar take place march perform nominated song lift,positive
314,rihanna perform lift black panther wakanda forever oscar via,neutral
315,rihanna take stage oscar expect iconic performance,neutral
316,breaking rihanna announced perform lift year,neutral
317,rihanna lift black panther wakanda forever via lift,neutral
318,rihanna lift black panther wakanda forever music inspired gone place th place th,positive
319,perform oscar nominated song lift black panther wakanda forever th academy award ceremony,positive
320,expecting new music like expecting new music michael jackson,positive
321,academy motion picture art science announced music superstar rihanna perform oscar nominated song lift black panther wakanda forever th osc,neutral
322,follow soaring super bowl halftime show performance producer telecast said music superstar sing,positive
323,superstar perform nominated song th academy award ceremony,positive
324,perform oscar nominated song lift black panther wakanda forever th oscar held sunday march dolby theatre ovation hollywood,neutral
325,among competitor face nominated hold hand top gun maverick,positive
326,singing march let hope brings dancer,positive
327,learn creation favorite artist song creator read letter love fan music like artist like show,positive
328,back perform lift oscar nominated song black panther wakanda forever star studded award show march,positive
329,news music front rihanna perform song lift academy award march th film black panther wakanda forever one five song nominated oscar year,positive
330,repost rihanna perform oscar,neutral
331,perform oscar nominated song lift wakanda forever march getty,neutral
332,perform oscar nominated song lift wakanda forever march getty,neutral
333,super bowl performance rihanna sing oscar nominated tune lift black panther wakanda forever th annual academy award,positive
334,official giving u amazing performance last week sing oscar nominated song lift movie wakanda forever year,positive
335,producer telecast said thursday music superstar sing lift black panther wakanda forever,neutral
336,rihanna coming oscar superstar perform nominated song lift,neutral
337,announced perform oscar nominated single lift black panther wakanda forever th academy award march,positive
338,rihanna perform lift black panther wakanda forever year,neutral
339,announced perform oscar nominated song lift black panther wakanda forever th oscar sunday march live coverage begin pm et pm pt photo evan agostini invision ap file,neutral
340,hatred jew genocide people rape kill steal innocent people everyday stop guarantee continue,negative
341,win roll red carpet breaking best original song nominee song fight including work amp tsftm feed,positive
342,dad found second pregnancy like rih rih dad said daughter pregnancy reveal surprised despite flying barbados arizona watch halftime show,positive
343,time started rule music industry,neutral
344,made post support got superbowl genuine place modesty patriarchal need favor pregnant woman wish feminist would understand pregnant woman enjoy certain privilege childfree woman enjoy,positive
345,guarda unapologetic italy su,neutral
346,j vois ce passage de la chor de au devenir viral sur le r seaux sociaux il un nom ce mouvement parce que perso je l appelle le chasing dick away as,negative
347,chart topping music hit groundbreaking beauty line fenty beauty rihanna amassed phenomenal net worth,positive
348,new era begin nothing ever fresh super bowl special announcement rihanna british vogue phenomenal march cover star ordinary cover,negative
349,ring th birthday style pregnant singer pic party go viral,positive
350,multi million dollar beauty brand derives real last name,positive
351,rated r stan favourite album one time faves photo last girl earth tour taken blackberry may th belfast nearly year ago saw fire bomb live experience,negative
352,rihanna look beautiful siren makeup airbrush app,positive
353,billion grant fidelity charitable break record,positive
354,royal family hip hop dance troupe melanin get gig dancing hard af dancer got answer,negative
355,inside rihanna ap rocky road parenthood friend growing family,positive
356,inside rihanna ap rocky road parenthood friend growing family,positive
357,inside rihanna ap rocky road parenthood friend growing family,positive
358,riri actually somali,neutral
359,people gonna talk whether bad good rihanna queen whole damn empire music fashion beauty conquering world one slay time,positive
360,caused firestorm social medium cover decided drop minute episode straight black man perspective,negative
361,happy birthday queen keep blowing candle end much love explore enjoy,positive
362,celebrate legend rihanna special day learning success get hand ebook creating v g e brand take first step towards building successful empire purchase,positive
363,one important thing okoye used fenty mean canon rihanna mcu,positive
364,rihanna originally,neutral
365,guarda unapologetic cd italy su,neutral
366,removed clip symbolism,neutral
367,super breakdown show lesson brand gt business result gu carlson rarely non cmo articulate perfectly thank gu u true definition valuation yo,positive
368,anyone spend million dollar ring many world starving fire wearing million worth blood gem myanmar activist say sale gem support junta war crime crime humanity,negative
369,anyone already receive anti vinyl imusic,negative
370,happy birthday one diverse superstar alluring fan around world including clip greatest hit exclusive interview docu must see rihanna fan,positive
371,happy birthday one successful influential icon lot love india,positive
372,happy birthday thee icon legend muva favorite song,positive
373,even two month queen bey broke record th platinum plaque rihanna swoop outshines fan favorite last album,positive
374,walking birth experience described beautiful revealed helper discharged hospital via,positive
375,walking birth experience described beautiful revealed helper discharged hospital,positive
376,good share check item loving,positive
377,amp revealed reaction photo show deeply pathetic people hope laughing ass insecurity amp anger generated photo,negative
378,top song loud album mine california king bed man amp,positive
379,million view tiktok wish could back dancer someday philippine goinggg insane super bowl halftime performance cover,positive
380,still obsessing custom chief x rihanna super bowl sweatshirt last weekend,positive
381,woman dy falling disneyland parking lot police say,negative
382,wore red jacob amp co watch adorned diamond tribute song diamond grossed brand million already unfortunately income earring company wearing minute,positive
383,look back money rihanna made super bowl without forgetting brand worked earned rihanna fenty beauty already million revenue thanks second makeup sequence,positive
384,tried real estate figuring would able make money using show totally cracked started hearing voice end hill,neutral
385,rihanna kept pregnancy secret even dad avoid news leak super bowl,positive
386,wearing burmese led outcry opposed myanmar brutal military junta read,negative
387,know helper discharged hospital via,positive
388,know helper discharged hospital,positive
389,walking birth experience described beautiful revealed helper discharged hospital came home cold turkey one u parent baby,positive
390,rihanna superbowl halftime show st personal illustration year,neutral
391,congratulates performance pregnancy taking time away social medium,neutral
392,glorilla call rihanna twin likened singer,neutral
393,taking anything away rihanna dancer ate made show,neutral
394,guarda unapologetic cd italy,neutral
395,walking birth experience described beautiful revealed helper discharged hospital came home cold turkey one u parent baby,positive
396,best part rihanna marshmallow superbowl,positive
397,know favoring lover iloveglo lol idef think krazy as like lol,positive
398,rihanna bitch better money gone place th place th,negative
399,love quote passionate something take answer find way,positive
400,look overall energy behind body work shiny lure angler fish sponsored agency sully soul booty dumb justify uncle screwtape line work another tool used remove soul good ground,positive
401,exactly much rihanna made super bowl performance watch,positive
402,aside rihanna baby people became trending topic social medium iconic super bowl halftime show,positive
403,walking birth experience described beautiful revealed helper discharged hospital came home cold turkey one u parent baby said read,positive
404,ppl stuck whole amp situation ppl still close friend moved situation world stuck,positive
405,like rihanna said got like ohh want,positive
406,rihanna ap rocky rent nanny bringing son house hospital,neutral
407,finally drew rihanna super bowl,positive
408,carl jung psychologist talked shadow self everyone one part repress hide world darkest personality trait lie shadow self like,negative
409,carl jung psychologist talked shadow self everyone one part repress hide world darkest personality trait lie shadow self like,negative
410,vogue woman magazine would put rocky front center cover whole arguement stupid business perspective woman buy magazine upset cover magazine men even read,negative
411,rihanna lift black panther wakanda forever love song,positive
412,time forgive clearly providing evolved hate stem insecurity amp lack way mad abt happened decade ago meantime get know new next yt,negative
413,sounding continuous backlash previous incident questioning cancel culture white artist even mentioning,negative
414,rihanna pon de replay ross friend edit,positive
415,turning would suck lot le got shoutout birthday twin queeeeeeen,negative
416,soo gonna talk herpes getting,neutral
417,want discover new music check amazing playlist black artist across age,positive
418,music fashion activism rihanna conquered bob marley reggae music still resonates world usain bolt remains fastest man alive,positive
419,earned royalty streaming music sale halftime show despite paid massive halftime show,neutral
420,umbrella diamond rihanna music never fails get u friday mood let celebrate end week style,positive
421,rihanna bitch better money dropped place th place th,negative
422,malindi holiday villa date k per night bedroom,positive
423,rare bag arsenal,neutral
424,every assist chris paul season high performance sun w febr via,neutral
425,every assist chris paul season high performance sun w febr via,neutral
426,activist group justice myanmar called noting popstar wearing burmese ruby ring worth million new york city sell piece featuring gem,positive
427,social marty brazell local artist originally u call oz home painted awesome portrait recently bought one stunning painting last year,positive
428,arizona deputy seize nearly fentanyl pill newly booked inmate,neutral
429,omg guess got mail today excited try new product worry sure upload complete haul well product test review,positive
430,ppl understand ppl caribbean west africa speak british english american english ppl heard fine lad lad mean young boy child american think revolves around,positive
431,rude boy segment chokehold,negative
432,rihanna earned royalty streaming music sale super bowl halftime show,positive
433,new pod alert week episode recap commercial big game create new idea beverage get wizzy find u wherever listen podcasts,positive
434,heard comment andreas bigert head community growth company halted collection sale since allow fractional ownership profit deal future,positive
435,user could longer trade collection yet quickly sold brought automatic system discovered project description later deleted website without informing team,neutral
436,decision infuriated supporter ethereum nfts received song overall revenue service last week,negative
437,stylist said hid pregnancy reviewed outfit sketch week,negative
438,new mom say away first born even shower sherri promise get love brain real quick,positive
439,rihanna face backlash calling son fine rihanna time today check fan questioned call baby fine rihanna responded mother went say keep lil cougar paw away good,positive
440,rihanna risen place th place th,neutral
441,take cue recent super bowl star pack umbrella ella ella shaping rainy thursday also possibility storm always head trafficwise website app latest road condition,positive
442,people come country legal date child see anything wrong said,negative
443,rich seems fun reportedly rented property paradise valley approximately mile stadium sb lvii took place allegedly spent night stay estate amp booked least night ml local luxury real estate,positive
444,keep lil cougar paw away good classic riri,positive
445,celebrating th year podcasting th season thank entire team financially savvy minute bilingual podcast shine bright like diamond,positive
446,rihanna bitch better money gone place st place th,negative
447,rihanna girl world fallen place th place th,negative
448,lift black panther wakanda forever music inspired jmrs,positive
449,strike either run storm embrace,positive
450,rihanna born audio via found need son little one become,neutral
451,inside trax young girl barbados always dreamed becoming music star incredible journey beach barbados headlining inspiration coming artist thread,positive
452,listening lot lately never released much music huge part growing literally since listening pin de replay radio ann hit huge part childhood,positive
453,rihanna girl world gone place st place th,neutral
454,rihanna umbrella feat jay z gone place th place th,neutral
455,yep definitely rihanna reborn megastar became mother british vogue,positive
456,rihanna umbrella feat jay z fallen place rd place th,negative
457,rihanna girl world moved place th place st,neutral
458,dropping beautiful music album time drop baby picture album mokgadi tzaneen limpopo,positive
459,rihanna girl world gone place st place st,neutral
460,rihanna umbrella feat jay z dropped place th place th,neutral
461,rihanna girl world gone place st place st,neutral
462,performed super bowl show salomon sneaker everyone talking salomon sneaker transition trail runway street stealing market share nike like mainstream,positive
463,music longer traded nft fan disappointed internet heals fiery super bowl performance,positive
464,gdp rise jan sept amp sharjah raise billion sustainable bond debut,neutral
465,way people worship stalk day lol millennial digging crate listening musical masterpiece thank goodness old soul,positive
466,march issue fresh special announcement phenomenal march cover star,positive
467,super bowl,positive
468,confesses band axed song featuring vocal one album,negative
469,shared another snap baby boy shoot via ig,neutral
470,year old granddaughter brought right wait end congratulation baby number two love memphis,positive
471,rihanna first ever british vogue shoot fresh super bowl performance pop superstar rihanna debut cover british vogue march edition see detail,positive
472,bc best one seen trend,positive
473,new era pop superstar rihanna partner rapper ap rocky new era begin rihanna nothing emerges seismic reinvention yet becoming mother,neutral
474,amp watching perform download topmixtapes app io stay updated download topmixtapes app android stay updated,neutral
475,made singing comeback sunday fan anxiously awaiting ever since break music year back feel performance want sing certain song play every song hoped would,positive
476,got reaction whatsapp asaprocky latest guy think,neutral
477,repost ridiculous ninth album release year,negative
478,love letter one bajan another,positive
479,repost march issue,neutral
480,check appenings week tech superbowl google ai fail spotify defeat elmo,negative
481,rihanna buzzworthy red coat super bowl fashion enthusiast toe week looking similar style found coolest one get look,positive
482,nod inclusive fashion subtle show reference inclusive beauty far explicit read aront bennett phd associate dean dei halftime show via,positive
483,share single shot baby boy recent cover shoot,negative
484,said could getting new music year article,neutral
485,photo march issue baby boy,neutral
486,rihanna british vogue inez vinoodh new era begin nothing ever fresh super bowl special announcement rihanna british vogue phenomenal march cover star,negative
487,secret industry connection unmatched amp prime example performance broadcasting amp painting stadium entrance learn alumnus helped make biggest tv night year reality,negative
488,trying put little dirt right something talk behind back thriving achieving way lee shining,negative
489,one favourite song favorite diva legend remember forget,positive
490,love thing problem asap rocky falling shadow hear much unless rihanna hope keep individuality becoming whole,positive
491,business lesson rihanna super bowl lvii performance think learn anything superstar think,positive
492,catch three amazing performance weekend justina mile first black deaf woman provide american sign language interpretation pre game halftime show,positive
493,learn best eye mogul creating v g e brand ebook get copy today start building savage brand,positive
494,learn best eye mogul creating v g e brand ebook get copy today start building savage brand,positive
495,today heather amp wickett podcast anyone know snowpocalypse update free agent sings listen,positive
496,really make nothing,neutral
497,agree learn rihanna masterful performance last night,positive
498,thanx dreezy watching u kawempe locked vid,neutral
499,rihanna found love feat calvin harris moved place rd place th,positive
500,guarda unapologetic cd italy su,neutral
501,new oxford university press race politics irish america gothic history mary burke,neutral
502,featuring track,neutral
503,rihanna found love feat calvin harris gone place th place th,positive
504,even valentine day keep u sharing latest entertainment,positive
505,wonder much brand made super bowl way brand plugged entire process sxf fb f much going must made million dollar,positive
506,weekly news become one thing look forward every day lot going bet see releasing hit song nft read including,neutral
507,didnt know insulted wth poster say f trump barbados whats economy barbados made famous rich singer american yes cuz usa socialist cuz capitalism wat republican uphold care low price gas cuz shes rich,positive
508,given watched sb six year one argue sponsor benefitted,positive
509,surprising news,positive
510,learn spirituality india detail website karmicbuzz dot com podcast karam pradhan gaana listen link also available spotify amp anchor,neutral
511,let rehash died silly vaccine eleventy time since birth clone appeared cover said vax death clone wore satanic jacket super bowl also satanic ritual wore pentagram,negative
512,merino ram moose become best bud mini hereford cow madeleine feel song moose madeleine huge superstar obvious next step,positive
513,mondaayyyy fly as produce talk maintaining great,positive
514,get ready anti maternitywear fashion,positive
515,viral clip final resurfaces showed admiration singer halftime show,positive
516,notice lighting featuring brilliant design using astounding amount rgbdw strip light amp c channel totaling foot,positive
517,knew performance going controversial gop bc expecting skimpy outfit suggestive performance woman come covered head toe still handle get fuck,negative
518,little longer lol oh loved little dab homage awt pose segment lol,positive
519,suspended platform lighting design camera operation uncsa alumnus played critical role bringing performance life exceptionally talented alumnus,positive
520,many cringy comment riri example sade perform like tina rhianna perform like beyonce guess rich make amazing music stop hatin corn tweeps loved riri sade concert different vibe bey,positive
521,tell coach reid banned watching performance,negative
522,clip rihanna super bowl performance page tiktok transition found love rude boy remix sooo smooth camera man dancer choreography go rude boy killed ate tf,negative
523,new art da gevert threatened dropping nft soon link bio,negative
524,valentine package rythms night valentine playlist,neutral
525,one dancer reveals dancer know singer pregnant,neutral
526,message world innocent little girl full grown woman born rich long willing put as world see someone somewhere pay look aka gold digger shuck moral,positive
527,big news episode news nobody need,neutral
528,would love collab two powerhouse,positive
529,rihanna climbed place th place th,neutral
530,believe gonna music soon biggest bitch pissed,negative
531,also taking advice guy speaks like,positive
532,cannot get turn rihanna whole club fuckin wasted outta head shout unlocking memory time blacked early,negative
533,please consider making donation support victim earthquake help recover destruction caused natural disaster,negative
534,oluwasegun alonge nigerian core ondo state forthcoming election vote competence vote better nigeria support president,positive
535,unapologetic cd italy,neutral
536,understand pride square mile ridiculous number people live mile ancestor enslaved,negative
537,coming april st new novel charlie kipper pre order ebook amazon charlie kipper,positive
538,take eye away scene,neutral
539,cr idylcs instagram ellie williams edit tlou p ellie blame alcohol,negative
540,inflation rose january following increase december according consumer price index report released tuesday cpi period,positive
541,say coach reid banned watching halftime performance,negative
542,year ago today released so lead single girl like album february,positive
543,started v ended backstage field stage tv screen,neutral
544,deloris deloris single delay order flower val day video,negative
545,ingrate say thank came back school met bed decorated gift thank husby best val ever,positive
546,flower super bowl legend please still recovering incredible performance thinking back legendary performance black woman given u super bowl sunday,positive
547,jay z kanye west amp rihanna run town feat kanye west amp rihanna risen place th place th,neutral
548,year old black woman going viral rihanna super bowl performance watch video find,positive
549,u itskillscenter wishing joyous valentine day filled love cherished moment significant,positive
550,happy valentine day crew sunday night brew,positive
551,new podcast ale episode live join bum recap halftime show superbowl commericals superbowl trivia as got started bum mvbs,positive
552,swipe,neutral
553,web world redefining ownership data bank even record label nft enabling fan fractionally song excited taking self custody,positive
554,music break lift black panther wakanda forever,neutral
555,benefit bazooka forcefield halo schedule discovery call learn,positive
556,intermittently expanding oxide electric charge result european union profession,neutral
557,need introduction give one anyway everyone symbol black future topping chart running beauty empire becoming first young female billionaire america headlining,positive
558,course performance two day ago help pay tribute,positive
559,valentine package rythms night valentine playlist tomorrow,neutral
560,fact rihanna apart perfoming headlining super bowl halftime show fenty beauty founder fact rihanna,positive
561,rihanna need tell u comfortable happy relationship girl poppin kid month apart say pretty much settled thriving,positive
562,got result client,neutral
563,rihanna bitch better money moved place th place th,negative
564,performance scene favourite see camera focus walking smiling looked directly lens ending rotation epic comeback tagged memorabilia moment,positive
565,nan,neutral
566,nan,neutral
567,nan,neutral
568,rihanna rehearsed mile away los angeles keep pregnancy secret super bowl,positive
569,nan,neutral
570,nan,neutral
571,rihanna donned million worth jewelry made diamond performance super bowl halftime show,positive
572,sure everyone missed edited rihanna illuminati hand gesture,positive
573,epic scene rihanna performance super bowl,positive
574,compiled nominee iconic artist nominated one favorite,positive
575,ad human skeleton found archeologist believed erstwhile pakistan,neutral
576,excellent article performance sound professional must read,positive
577,rihanna girl world dropped place st place rd,neutral
578,super bowl halftime show producer jesse collins revealed rehearse mile away los angeles santa clarita keep performance rihanna pregnancy wrap,positive
579,point difference mind still top jump amp barely get point tiktok seeing music mostly unavailable,positive
580,rihanna moved place th place th,neutral
581,jay z kanye west amp rihanna run town feat kanye west amp rihanna risen place st place st,neutral
582,happy valentine day one u happy valentine day,positive
583,check amazing photo created using ai yesterday super bowl halftime show incredible technology elevate art creativity,positive
584,year radio silence rihanna finally performs talking pregnant amazing please,positive
585,happy valentine everyone enjoy solar inverter system package kva kva throughout month february order system dm call app u,positive
586,anyone see dancer almost fell height performance,neutral
587,happy valentine day shy away celebrating day loved one live app,positive
588,valentine day asked member team write something special special someone got u simply blew away love happy valentine day powerplug innovation africa,positive
589,watch catch halftime show actually say pregnant everyone assume cuz still carrying baby fat last pregnancy,neutral
590,happy val day number colorful radio rainbow fm tune program today click follow like retweet comment business detail shout air today,positive
591,finally someone ball call thank shying away calling blasphemy needed absolutely appalled jacket damar hamlin wearing satanic crotch sniffing show,negative
592,last year bang rihanna tried deliver best waiting cameo frequent collaborator eminem drake calvin harris jay z yet great performance,positive
593,come back bachelor na spinster meeting say make wait till next year,neutral
594,hello lover miss giveaway simple register deposit ksh get one valentine dinner natembeya,positive
595,deeper problem criticizing rihanna super bowl half time show sexism society quit sarah higgins,negative
596,cold outside learn work walk alone sentiment bloodline african run away truth short enjoyment come back suffer long time,positive
597,get handmade jewelry korobydizzy jewelry accessory,neutral
598,black soap carry eye go market know know soap harsh skin effortlessly clear nyama nyama skin available pick n,negative
599,performance scream fuck nfl gonna say girl barbados,negative
600,property management system manage property single place whenever get app portal landlord n tenant list vacants leading site,neutral
601,check tee store delivery nationwide click order,neutral
602,rihanna rediscover album song brightest diamond sky apple music,positive
603,embodied soul continuously pass childhood youth old age similarly time death soul pass another body wise deluded,negative
604,u happy valentine spread love around show back love retweet texas tech,positive
605,lagos begin month test run free ride blue light train operation would run p everyday via magazine,positive
606,let preach truth let get away chain religion especially african stis murkomen eldorent natembeya bayern liverpool bandit,positive
607,yesterday winning god bless sir really appreciate sharia eagle dortmund oba lagos spiritual berlusconi,positive
608,yesterday winning god bless sir really appreciate sharia eagle,positive
609,ummm ion know type phone got pic always look aesthetically pleasing epic let find si got exclusive apple,positive
610,p govt unable provide necessary item pak awaam milk price karachi increased pkr pkr per litre state amid uncertain condition,negative
611,free beyonce amaizing ever comparison stupid ppl,negative
612,klean teenage dj producer brazil helped usher brazilian dance music onto one music biggest stage,neutral
613,create trello card new google sheet spreadsheet row automation template,positive
614,crumbling infrastructure imperial spent trillion instead,neutral
615,fastbds indonesia building future banking technology,neutral
616,super bowl top black moment historic first rihanna baby bump,positive
617,people say rihanna performance wasnt great yall expect moonwalk across stage always dance waist type performer hip,negative
618,love never forgets come inclusive amp intentional everything represents brand trendsetter stan caribbean queen,positive
619,sure expecting,positive
620,vega baby happens vega stay vega miss blessing braxton premiering saturday february th theater link bio ticket,positive
621,rihanna kept pregnancy secret halftime producer source,neutral
622,vega baby happens vega stay vega miss blessing braxton premiering saturday february th theater link bio ticket,positive
623,vega baby happens vega stay vega miss blessing braxton premiering saturday february th theater link bio ticket,positive
624,caught video getting protective strap harness situated performance scary think one strap keep falling,negative
625,art stuff weekend girl back btw ignore fact used rose brush,negative
626,throwback got sister gift season still brand new portable work purpose,positive
627,shit last night today resigned another position nd year row right tax season porque tengo dinero en la ment dinero dinero en la mente,negative
628,effect watching live really different watching tv opening ceremony impressive,positive
629,sign language interpreter also behaving like westbury rd love,positive
630,february bodh day great saint satguru rampal ji maharaj whose leadership evil eradicated whole world forever,negative
631,bodh diwas organized th february th february guidance jagat guru sant rampal ji maharaj satlok ashram cordially invited family friend day left bodh diwas,positive
632,please still need support still constant risk abuser,negative
633,check story fox sport give yes still talking half time show,positive
634,excellent piece apple music strategy super bowl halftime grammy approx viewer sb halftime next vega new orleans imagine opportunity market,positive
635,posting rihanna disappears timeline,negative
636,going shooting ufo least people dead earthquake people talking rihanna,negative
637,rihanna rediscover album song brightest diamond sky apple music,positive
638,know massive impact left world quote legend get week started strong,positive
639,track campus construction progress download mobile app mobile app may downloaded apple store google play apple store google play,positive
640,learn super bowl halftime show,positive
641,still game last night still listening rihanna right car,neutral
642,arguably gave one best history bow donald one want opinion criticism flap flat shallow go back mirror primp amp preen roadkill animal pelt head hair lose,negative
643,help psg bounce back disappointing weekend,negative
644,case missed amazing performance last night awesome job youtu hjbo nli,positive
645,kind strange one care fat guy dressed like woman want read book child even stranger pastor say nothing pulpit,positive
646,see hint rihanna pregnancy read detail create new website,positive
647,vibe plus award winner,positive
648,wanted,neutral
649,every time stamp monumental every transition song song clean exciting choreo hit instrumentation,positive
650,riri superbowl halftime show best performance last year set design amazing vocal,positive
651,asl interpreter justina mile almost stole show rihanna halftime performance,neutral
652,fan girl enjoyed anticipation performance consultant learning lesson monday morning commentary online takeaway achiever sound ridiculous criticizing achiever,positive
653,frenzy around rihanna super bowl halftime show appearance wanted show began robyn fenty back beautiful barbados main city bridgetown visit street house grew,positive
654,coloring rihanna superbowl performance dark color app,neutral
655,rihanna made super bowl debut halftime show certainly disappoint broke singer red look last night,positive
656,chooses recede view set glendale would one hell mic drop moment,negative
657,arguably much entertainment football uncsa made strong appearance year programming performance movie trailer list uncsa connection,positive
658,light halftime show red ensemble makeup envi break singer iconic look amp,neutral
659,major moment rihanna super bowl halftime performance tribute floating stage asap rocky cute gesture,positive
660,thank helping raise awareness learn anemia,positive
661,pray god everyday give strength right thing need right time supposed make sure actually set mind receive help god ready take action,positive
662,buy dspp renew lease begin fracking wanna play game lack information fuck,negative
663,stunning per please appreciation every single dancer flawless,positive
664,super bowl lvii delivered everything expect production worthy name see photo,positive
665,unpopular opinion fave song anti actually desperado,positive
666,folk learn whitney high expectation time protect rihanna imagine performing live year imagine returning stage front million people three month pregnant,positive
667,way,neutral
668,flower gift buy make happy also love,positive
669,singing negro national anthem thangggg little special guest surprise great evening congratulation also go kansa city,positive
670,global superstar performed halftime show ep take look top financial fitness lesson learn listen,positive
671,insipid thing newly purchased car distractors truly important please stay dialed god lord christ world ephemeral amp hell,negative
672,post super party time back az got story tell remind tin foil hat wearing crowd game rigged weigh pregnant performance miss show listen gt,positive
673,although best ad night might rihanna pausing halftime show fix makeup fenty beauty line five next best commercial superbowl,positive
674,never recover,neutral
675,think agree best pregnancy reveal party ever looked amazing btw art direction brilliant dancer iconic sec marketing pregnant beautiful,positive
676,news catch iconic style moment performance highlighting significant meaning behind singer look plus detail sneaker,positive
677,rihanna super bowl performance unimportant meant rihanna ceremony country barbados achieved independence british crowne became independent nation,positive
678,fuck anyone slate rihannas half time show last night must listened time today vocal,negative
679,people still understand vocal back track prerecorded vocal live performance rinse repeat singing mic away mouth,neutral
680,richest person barbados expect growth work day,positive
681,found love football place culture critic review highly anticipated return stage performance song made setlist pregnancy announcement,positive
682,nigeria bless talent guy please support boy trench help locate destiny helper,positive
683,really liked halftime performance super bowl slight issue seen fenty show much energy spectacle excused tho woman pregnant barely recovering baby number,positive
684,woman goddess barbados previous british colony triumphant brilliant wealthy force whole world fall foot,positive
685,rihanna need bring anyone people forgetting performed since want anyone else taking attention solo artist caliber crush performance,negative
686,police quickly arrested pastor carrying ak demonstration wat several video seen north south east amp west people carrying ak arrested,negative
687,someone save pedro pascal edits lord mercy,positive
688,still trying gather effect insane song transition got mother impeccable transition work wild thought,negative
689,valentine happy uefa champion league day,positive
690,amazing game amp literally like sky making red astonishing,positive
691,b better money girl world found love rude boy work wild thought pour light run town umbrella diamond yal nasty rude ate top bottom,positive
692,valentine day gift buy make happy also,positive
693,glow grow flow whatever style hair type covered authentically order,neutral
694,valentine day gift buy make happy also,positive
695,rihanna rude boy climbed place th place th,negative
696,rihanna girl world gone place th place th,neutral
697,oh gawd people underwear bunch coming amp nonsense bull crap assumption performance jeeez looked amazing song picked amazing period period,positive
698,hey chatgpt fate humanity relies jon jones alexandria ocasio cortez defeat alien another galaxy hand hand combat would likely save humanity,positive
699,critic expected rihanna superbowl,negative
700,hot take sorry commercial plain sucked couple others good talk dud division politics watch get away woke,negative
701,unbelievable rescue team pull four year old girl rubble alive hour,positive
702,terrifying height dancer amp like watching halftime show field,negative
703,excited share top performing lvii looking volume sentiment surrounding million social medium post billion impression yesterday also analyzed halftime performance,positive
704,took cooking senior year made bagel scratch day project remember year old trying master cooking,neutral
705,never getting new music smh,negative
706,wanted ya said wanted rihanna,neutral
707,rewatched rihanna super bowl halftime performance even better watching nd time choreography dancer spot set design immaculate vocal outstanding performance rih rih,positive
708,got full breakdown glam team,neutral
709,amazing game congrats kansa city chief victory favorite moment game commercial share,positive
710,million sperm cell reaching fallopian tube fertilize egg number taken williams et al,positive
711,game last night team win well amazing performance rihanna cheer winning super bowl,positive
712,walking new week like sb one favorite moment superbowl concert,positive
713,uodate dancer rihanna super bowl show half time looked like cross oompa loompas willie wonka hand maiden tale woman amp dustin hoffman movie outbreak,positive
714,rihanna cardi b time asl interpreter stole show,neutral
715,criticizing riri black history month crazy literally self made billionaire black woman small island legend inspiration many looked like bos stage,positive
716,february day found wondering today louise would made another black woman caribbean island headlining jr,neutral
717,go stand tinubu convoy bcos want imitate obidient boy peter obi convoy dem go jam throw put town hall different bala bulk obi cubana gani adam ladipo abacha,positive
718,surprise keep coming rihanna,positive
719,month completely different space mentally spiritually financially,neutral
720,today music monday discussing halftime show performed lengthy hiatus favorite least favorite moment performance join discord join conversation,positive
721,everyone else thought performing battlefield smash bros right cool,negative
722,wonderful tribute gone world forgotten amazing,positive
723,yes rihanna stunning custom made red coat la homage coat identical one archive available via reposted,positive
724,seen footage turkey syria past week ukraine past year,neutral
725,online job portal user recruitment agency helping employer headhunt brightest candidate thank staying strong u,positive
726,day end day using knowledge got previous class built turtle crossing game enhanced feature end great day indeed,positive
727,realize rihanna fetus already accomplished people even born yet performed half time show like baby go,positive
728,choice still remains buy fixed match testify fake game speaks come reliable source available scammed mean everybody scammer,negative
729,love beyonce advice got,positive
730,really thought plain costume many layer going least two three costume change aside rising platform spectacular would hoped would,positive
731,phyna attacked girl bbl said one getting attraction men obi cubana,neutral
732,else disappointed drop giant piece ice,negative
733,game last night team win well amazing performance rihanna cheer winning super bowl,positive
734,made pop culture news recap story beware balloon must title article news today,neutral
735,pick shorty brunch bottomless mimosa,neutral
736,rihanna show really brought misogyny reaction went omg gut enough time get shape still look big someone first trimester ppl comparing beyonc amp rihanna pregnancy performance fr,neutral
737,rihanna x parris temptation draw choreo performance strong,positive
738,suffering gut digestive issue bet tried gt,negative
739,still feeling feel last night game tie breaking win baby bumpin halftime show u household tuned year last,positive
740,touching story china felt like cry especially part said,negative
741,game last night team win well amazing performance rihanna cheer winning super bowl,positive
742,rihanna backup dancer newest super bowl meme featuring meme,positive
743,game last night team win well amazing performance rihanna cheer winning super bowl,positive
744,honestly feel bad halle bailey soon decide date rapper wrap like go downhill sad could tell really committed ishmael,positive
745,descending suspended platform barbadian superstar delivered solo super bowl halftime performance sent search music spotify spiking,positive
746,alien invasion na put way object traveled trillion mile another system tracked shot easily doubt ufo happy proved wrong add,positive
747,experiencing dancing living room super bowl halftime show good time call life chiropractic provide generational care bring entire checkup,positive
748,game last night team win well amazing performance rihanna cheer winning super bowl,positive
749,withdrawing nk nk charge po old naira note bus longer accepting old naira note also bank trek home abi iru kini gbogbo katikati yi nah,negative
750,case missed last night go welcome,positive
751,saw kid singing favorite song mine overjoyed make duet,positive
752,seen better super bowl half time performance great show outfit looked like bunch baby sperm running around one drop period blood rihanna,positive
753,nan,neutral
754,need stop pretending news station clean house top bottom worst coverage seen crotch move time place everything national tv one,negative
755,gave american best show killing black community clear message say ad police shot set gun whoever want get away law hide hi,negative
756,think learned rihanna amp m eagle fan weekend matter internet troll gonna always complain famous woman said hater gonna hate hate hate,negative
757,show mediocre apart nothing bad,positive
758,everyone frenzy taking closer look wristwear worn celebrity watch enthusiast sported jacob amp co timepiece diamond bezel red dial,positive
759,still stuck high sb dug fav flick baby ri first popped getty else day fan,positive
760,anybody hatin superbowl performance oughta ashamed great halftime performance btw care pregnancy course focusing performing,positive
761,swear expected stripper activity last night pregnant billionaire get priority straight,positive
762,rihanna rediscover album song brightest diamond sky apple music,positive
763,national news using alleged balloon distract classified doc laptop ukraine etc,negative
764,second zoom call start pretending like wake nap,positive
765,football futbol football never understand american highjacked established name global game sport even use foot bassackwards,neutral
766,america isnt trump maga cult lesson rihanna trump bash someone loser he projecting certain awesome,positive
767,today p guest host u war balloon alien reax office romance update correspondent matthew,negative
768,right end zone,neutral
769,barbadian pride barbadian still beaming pride today following stellar performance right excellent robyn rihanna fenty surprise announcement expecting another child,positive
770,far,neutral
771,rihanna draped red like ghey boy grammys backup look like ghetto astronaut floating platform final song diamond ascending saying want see space ufo fake gay demonic energy practice,positive
772,last week yesterday favorite omen red symbolism redhead funny red power,positive
773,rihanna super bowl show borderline inappropriate family viewing amp could benefited greater diversity leave,positive
774,sweeper collecting garbage road bhalswa dairy main road,neutral
775,marketing lesson learn rihanna thread,neutral
776,magic pple tweeting inside one room agvado soon cry obi cubana,negative
777,garbage landsliding road bhalswa landfill site please reconstruct boundary wall avoid fatal accident future,negative
778,itni shiddat se maine tmhe paane ki koshish ki hai ki har zarre ne mjhe tmse milane ki saazis ki hai known love known love,positive
779,love much institution like nfl deserve much especially black woman immigrant amp poc came delivered basic still amazing amp got check mindset hope bring job,positive
780,show expertly communicate tenacious self starter played fame game well made bungalow billion le year single still slam,positive
781,willing bet majority people wanted rihanna performance never pregnant,neutral
782,aprocky grinning ear ear watching halftime performance,positive
783,man dey tire level energy need president aso rock retirement home ancestor please join pm,positive
784,rihanna knew makeup move super bowl got rich second makeup fenty lmao,positive
785,still high last night rihanna navy recovered,neutral
786,back italy,neutral
787,shop fenty product seen exclusive makeup collection stadium ready fashion collabs,positive
788,win instant post game reaction america beautiful post game camera work trying crop mvp le valuable sibling shoutout weeb ewbank,positive
789,diddy file paperwork stop kim porter book coming want documentation pertains kim privacy seized,negative
790,anyone else think maybe rihanna crotch grab hand sniff move nod amp song sex air care love smell took away like sing wanted,positive
791,rihanna halftime show performance completely bust myth pregnant mother hinder career successful career make history first pregnant artist perform halftime show,positive
792,queen outfit savage x line checked email,negative
793,story today sport anti woke affected capitalist excess clearly seen tear n experienced barbados superbowl bravo,negative
794,got compliment pregnant,positive
795,coworker jamming playlist old recent joint choice shaking head unison beat god wise,positive
796,idea social medium full okay show nothing ordinary seen better performance champion league final pure definition social medium hype population nothing else winter,positive
797,everyone time digest good bad ugly game halftime show,negative
798,people realize rihanna gave song performance minute pregnant suspended ceiling dropped brand genius way possible amp get paid sure go boring babe,negative
799,got back uni yes ririiiii killed,negative
800,goodmorning game itching play wanna hop grinding pjs line,positive
801,look vibrator working home minute free meeting,positive
802,never honestly knew hiding pregnancy people secured bag end day,positive
803,really want buy one everything today,positive
804,full super bowl lvii halftime show via good morning love thanks guy rock,positive
805,another asl performer super bowl interpreter deaf performer rihanna super bowl halftime asl interpreter went via,positive
806,watched halftime show last night enjoyed still singing could see lmao,positive
807,dishin baby bump reveal best moment plus win big take nasty fall break start week right today,positive
808,never read tell yesterday extremely happy pc seeing riri stage since child love seeing yesterday unique style damn applauding house medell n,positive
809,read new article creative director carl dennie performance profound significance barbados bajan diaspora black audience across world,positive
810,swing around giant football stadium full fan stage rope pregnant still good enough folk,positive
811,different diablo,neutral
812,bow love true artist called icon learn thing two,positive
813,two best thing besides sorry eagle commercial,positive
814,top financial fitness lesson build amp use term given back many cause organization close heart learn ep,positive
815,protect want kitarooooooooooo stunner need meet,positive
816,rihanna may paid lump sum super bowl performance still certain make money half time show way,positive
817,fan still buzzing super bowl halftime show made comeback debuted baby bump middle performance sly move promoted project come fan want new music pop star,positive
818,rihanna never undone year album still book big stage want girl left side island,positive
819,brodie torrance save passenger lightning strike find beginning dangerous rebel take passenger hostage watch plane minute,negative
820,rihanna signed rare music sun x poster w exact proof jsa loa super rare inscription amp autograph buy,positive
821,come way show love baby mama still shook first pregnancy announcement,positive
822,everyone talking catch ad highlight twitter favorite commercial game,positive
823,adore utterly incredible hope riri acting would bad as storm mcu finally introduces x men obviously new tune come st would love finally see concert roll whatevers next undeniable talent,positive
824,love girl humble beginning becomes big star,positive
825,earn money instagram,neutral
826,right lewd nasty obviously racist culture want exposure nasty stupidity tongue like dog sorry music fine girl u,negative
827,spot dancehall dance step influence performance last night starting iconic butterfly,neutral
828,follow tiktok latest news video mma world martialartsnews,neutral
829,rihanna absolutely slayed superbowl last night loved medley song got,positive
830,rihanna bitch better money moved place st place th,negative
831,rihanna found love feat calvin harris gone place th place th,positive
832,rihanna umbrella feat jay z climbed place th place th,neutral
833,watching halftime show music caribbean proud got hit banger lit entire stadium ask bajan hero,positive
834,gotta love rihanna last night performing battlefield smash bros series,positive
835,dance move expecting rih,neutral
836,song one lifetime song like work work work etc halftime lifted spirit,positive
837,viewership slightly halftime show audience slightly nabbed viewed brand ad spot check recap major happening last night super bowl,positive
838,ye kanye taking note riri instead running mar lago,neutral
839,white people handle woc sexuality fucking insecure sexuality takeaway,negative
840,buy office home furniture affordable price call whatsapp book shelf k delivery done countrywide pay delivery acceptable messi mbappe natalie tewa turkana riggy g ugandan,positive
841,aerial view street cantonment,neutral
842,sure care liked even better second watch video without superbowl party chatter around wowed confidence perform elevated platform rising inspiring,positive
843,got setlist last night,neutral
844,nan,neutral
845,everyone takeaway last night concert mine ambitious woman took break stage year entered confidence clarity important ever,positive
846,really ask kid learn something celebrity gesture dance similar michael jackson disgusting watch exactly want show put hand,positive
847,advise plz u guy paying mother retirement september last year told guy working return car bill paid saving gone happening really hurt,negative
848,anything learned super bowl lvii always hater amassed number one song top ten song billboard hot people still looked performance still showed keep showing,positive
849,morning live coming confirms pregnancy highlight super bowl lvii u shoot th high altitude object day,positive
850,fav part riri performance,positive
851,look idc anyone say stage presence amp way highlighted stage setup amp way moving month pregnant lord would breath walking field respect,positive
852,happy new month season love great business someone nice season seemed like perfect one let know happy valentine season u,positive
853,like many eagerly awaiting comment unidentified object shot military expert instead treated keen observation super bowl performance great music critic donald trump joke,positive
854,rihanna transition bbhmm smooth audience even keep listen reaction,neutral
855,look den ate as back,neutral
856,blind degenerate bet last night typically tail csgo find anything still woke money,negative
857,scientist invented wild way remove plastic pollution ocean egg white efficiency,positive
858,kind backflip move wanted clearly pregnant woman leave riri alone,positive
859,know live tv superbowl halftime show prolonged minute minute atleast time factor justice catalog,positive
860,everyone recovering yesterday stunning performance come join announcement today pm utc excuse kidnap,positive
861,one still playing mind,positive
862,looking earn extra money print demand business worry know design earn pre made design design unique trademark free,negative
863,red objectively sexiest colour need safe space anti religious stuff country saudi arabia iran go fun,positive
864,yesterday described exactly camera live super bowl show today got message twitter put warning tweet prof point suitable family viewing,positive
865,elevation barbershop huntsville open day week pm,neutral
866,still rihanna performance favourite moment super bowl,positive
867,critiquing work performance simultaneously growing another human misspelling name process weird flex especially woman working mom woman nice thing like basic right choose,positive
868,gm believe matched lady artwork featured energy fire vhore magazine still available bio donation go woman right charity,positive
869,loved rihanna show last night powerful total look loewe dancing hanged air baby belly fear sexy,positive
870,still place urgent order today loved one,positive
871,memorable moment super bowl,positive
872,certified ui ux designer nigeria lot knowledge would honestly love good paying job preferably remote mind person,positive
873,met shontelle producing impossible tshirt writing song shontelle hit making singer songwriter pioneer come support new virtual product miss early fan,positive
874,rihanna performance set look like super mario selection music disappointing performance dry maybe cause prego since prego get delayed album best part interpreter,positive
875,love air definitely smell like pizza pizarea order pizza today share loved one ahead valsday avoid traffic,positive
876,rihanna love pakistan please hater judgmental stay away tweet,positive
877,apart halftime show another highlight super bowl lvii worth attention brand new movie trailer,positive
878,otd last year chinese president period china xi period menstrual circle chinese president pregnant haha male xi wear lipstick xi wp,positive
879,favorite text entire night,positive
880,success come finding opportunity problem decide want act impossible fail agree,positive
881,valentine package rythms night valentine playlist tomorrow,neutral
882,like picked activation truly wonder reach work lackluster people saying performance lackluster team hiring best helping create concept,positive
883,luxury mombasa steal night gorgeous bamburi nyali one bedroom extra sofa bed sleep family natembeya israel riggy g russia kindiki linet toto valentine,positive
884,expected great choreographic move rihanna last night saw pregnant like let please let stop attacking woman bearing life,positive
885,cry house collapsed due aid arrived occupied palestine could control tear syrian muslim,negative
886,talking performance last night thought like,positive
887,lovely staycation spot loved one travel nairobi west south b night natembeya israel riggy g russia kindiki linet toto valentine,positive
888,florida pregnant girl raped father forced go another state abortion lest die nevada trying stop pregnant woman leaving state lauded performance,negative
889,looked sounded absolutely incredible last night way honor teen year goody one favs,positive
890,top financial fitness lesson cultivate multiple stream income released new music recently wealth increased many business venture learn,positive
891,favorite track rihanna superbowl performance enjoy amazing hit music ppp tv ch,positive
892,watched halftime performance really good idk yall expecting gave always give look mini dance break move amp cinematography thing missing wardrobe change caribbean mashup,positive
893,quirky thought team script half time show rhianna team alien descends outer space really good time earth,positive
894,rihanna pregnancy ben affleck selling donut best moment super bowl,positive
895,something missing halftime show last night woke cold sweat shy ronnie,negative
896,sad day america petty former potus full hate jealousy amp revenge get pleasure attacking performance super bowl,negative
897,watching back better realized think people expecting alotttt,positive
898,fed hearing amazing rihanna fan girl boy riri nation well deal seen rihanna good fell way short last night distinctly average,positive
899,excellent performance expected history making america comfortable seeing black artist nothing controversial piercing conscience still truly divine performer measure,positive
900,big deal culpable failing support constituent striking last fall whole community driven home news covering,negative
901,minute perform year worth music favorite song super bowl setlist take quiz find,positive
902,honestly watching full morning mind super bowl performance exactly expect especially pregnant,positive
903,inlaws family side member stopped job saying teaching nurse occupation number mean extreme bad good education field shadder comment make soul broken,negative
904,came year hiatus absolutely brought performance vocal dancer extraordinary bring unnecessary guest took away also creative direction,positive
905,watched rihanna performance last night smashed always,neutral
906,woman pregnant amp still recovering giving birth last year phew woman rock,positive
907,breaking entertainment chris stapleton pregnant recap,positive
908,yesterday winning god bless sir really appreciate sharia eagle dortmund oba lagos spiritual berlusconi,positive
909,rihanna diamond gone place th place th,positive
910,talk valentine day people make love distance keep mouth shut,positive
911,people understand want see twist spin choreography get ticket beyonce show gosh fro get rihanna,positive
912,offer variety course help improve skill language want learn french swahili language email u info co za customized quote speak dream language,positive
913,smell misogyny yuck better,positive
914,eau de spray black fl oz pack get amazon,positive
915,look ig making smile,positive
916,today wake call cover everything missed super bowl sunday,positive
917,sanctuary first villa community ellington,neutral
918,rihanna slaying performance lil help fenty beauty get look cashback sephora via shopback valentine day,positive
919,rihanna pregnant baby otw plus clip halftime super bowl show,positive
920,half time show flying stage massive kudos involved rigging choreography camera operator,positive
921,check mixtapes archive played music,positive
922,going watch show ended watching one last year nth time remains gt gt gt gt gt gt gt gt gt,positive
923,hi anybody class,neutral
924,criticizing rihanna performance stylist laughable coming walking creamsicle toupee,negative
925,textured fondant aged stone effect enchantin whimsical cutter regal beauty differently time check scroll design full pack enchantin whimsical cutter get copy whatsapp dare uniquely different,positive
926,valentine day complete without special gift rolloverstock hope enjoy wonderful day,positive
927,watch concert er game last night apple music press conference last week,neutral
928,holy smoke force watched halftime show squint noise would heard mic would whimper full blown panic attack,negative
929,sorted episode oldest newest great lol still relevant aside mention new shit amazing doubt old shit hittttting,positive
930,mad riri could bring vibe without doin extra ish use performer like bey pregnant stop signed proud member navy,positive
931,amazing show one brilliant guest anola chase dinner party find joining party,positive
932,girl lastnight supeeeeeeerb see people complaining performance opinionated eno coming bitter place ya wanted flick back way go headtop air heavily pregnant,negative
933,please provide discord id email make payment paypal accept usdt let u know well note title email public thing twitter,positive
934,mother year old child chrisland school speak share side story,positive
935,hope played bop anti sling target exclusive vinyl scalped pretty penny today lmao,positive
936,gift rihanna half time show,positive
937,create shirt stand crowd unique custom shirt design amp order,positive
938,thank jesus christ moment best support system dreamberries ultimate supporter much love god bless,positive
939,chooses recede view set glendale would one hell mic drop moment,negative
940,january year old man plumber referred local clinic falling sixth floor,negative
941,yes response laced entitlement walked away successful music career performance announced music album tour felt inevitable mourning expectation real time,positive
942,yoh akasthandi u rihanna show time accept coz never getting album,positive
943,ok listening playlist officially say would swapped light diamond came amp name get bonus point birthday cake move super bowl,positive
944,monday blue nah like monday happy start week u,positive
945,monday breakfast cure hangover weekend love full english,positive
946,really went releasing album every year gt getting pregnant every year,positive
947,video watermark eraser era watermark logo video,neutral
948,bsf lends helping hand snow bound tangdhar area airlift four body three patient,positive
949,apart prime duty priority precious life civilian saved distt kupwara j amp k,positive
950,jenni mmeli evicted bbtitans yemi amp khosi exposed side chic,positive
951,ife dress specifically made lady want stand promo currently going website order website benefit promo use coupon code vigold,positive
952,political b guest gimmick hit hit queen welcome back ri ri,positive
953,wardrobe clothes come,neutral
954,show nobody stick one thing explore whatever interest everyone take inspiration rihanna energy power consistent positive effort accomplish anything,positive
955,last part perfoancr shaodwy figure thrusted night sky pretty impressive still floating,positive
956,girl wey dey bill get dem wan fornicate tomorrow town hall different wow,positive
957,black history month rihanna halftime show year sad hate coming people got better good bowl,negative
958,congratulation order win successfully protected becoming victim domestic violence kept citizen philly burning city bravo,positive
959,everyone last night watching rihanna thinking pregnant wanting say anything case baby weight first kid,neutral
960,damn performance girl power peak love slay love pakistan,positive
961,fluxactive unique mega prostate offer men suffer prostate problem men idea prostate shrinking solution exists,negative
962,listened bunch song liked others crazy always happens went lift bitch better money lyrical diversity,negative
963,rihanna full apple music super bowl lvii halftime show via repeat last night proud riri continue shine bright like diamond,positive
964,delivering beautifully entertaining halftime show fat finger couch potato really saying shoulda pulled gig found pregnant perform like wrong people,positive
965,top trending online business earn upto dollar daily working home click link fast,positive
966,kwesi mafia talented artist ghana taking ghanaian music rest world latest single dubbed pain heart read,neutral
967,moment song minute electrifying performance businesswoman singer actor rihanna super bowl half time show,positive
968,rhianna amp dancer great show pretty lackluster basically dancing one side stage next costume character story collaboration imagination whatsoever,positive
969,peace mountain bird voice cool air nature good make happy angry make good life bad life thank allah,positive
970,one think rihanna retired music said anything yet,neutral
971,rihanna looked inspiration beyonce performance super bowl show,positive
972,also quite frankly none music fit overall theme color would think theme would something lighter comfortable maybe even caribbean nope symbology color,positive
973,cue alone backdrop audience satan speaking large mass especially creepy camera pull minute really show one person case satan hold mass,negative
974,last song minute alone rise stage dancer arm open potentially symbolizing worshiping satan rise,neutral
975,watched half time show spent whole thing beaming ear ear mad many song part soundtrack life great see stage,positive
976,shiba completely minted buy opensea,neutral
977,people expected pregnant dance like wrong,negative
978,wonder right wing whi e trash find enraged incredible halftime show strong black woman performed entire show pregnant often suspended air performer fully clothed,negative
979,said queen gave amazing performance amp lost mean little girl developing island barbados recognized global stage incredible literally prayed day congratulation,positive
980,think u cook u met kforce cook vawulence side stay away kanaga jnr treasure haterz peaceful thing love kanaga jnr kanaga jnr guy,positive
981,despite idiot may say definitely talented,positive
982,pregnant yay remember show terrible sing move whn pregnant imagine wondering show would begin guess living ad,positive
983,watched big boot step last year performance rihanna absolutely smashed,neutral
984,top financial fitness lesson past dictate future let circumstance stand way becoming billionaire learn ep,positive
985,watched half time show stop wondering cheer crowd real fake anyone help investigate,positive
986,iconic part super bowl apart guac,positive
987,thanks helping someone referred get usdt platform victim kindly contact help desk file complaint,positive
988,america war already unidentified object coming russia china taking world unesessry www lll without people permission selfish political power ego,negative
989,sorry watched instant sadness crotch grabbing pelvic thrusting mainstream music video trope deflects talent imo since grammys red became edgy colour allusion trendy satanism n slet,negative
990,sign language chica clock app,neutral
991,rihanna great ht show got feeling nostalgic last year performance dr dre snoop eminem kendrick lamar amp cent unbeatable,positive
992,today effective branding essential business stand crowd stand sea business must distinctive,positive
993,happy early monday morning amp,positive
994,sign pregnant second child baggy clothes touching stomach,neutral
995,major highlight rihanna performance super bowl half time show,positive
996,major highlight rihanna performance super bowl half time show,positive
997,seems like thing getting riri photo album relax album,positive
998,showtime another eventful weekend football premier league title slipping away arsenal would rate performance var premier league season,neutral
999,find talent vault offer selection top candidate choose one place talent vault,positive
1000,basically laughing u right riri gave u taste dude took away u,positive
